﻿<?xml version="1.0" encoding="utf-8"?>
<categories>
  <category name="Garden">
    <product-count>26</product-count>
    <average-price>629.442692</average-price>
    <total-revenue>16365.51</total-revenue>
  </category>
  <category name="For Children">
    <product-count>22</product-count>
    <average-price>728.928636</average-price>
    <total-revenue>16036.43</total-revenue>
  </category>
  <category name="Fashion">
    <product-count>22</product-count>
    <average-price>562.377727</average-price>
    <total-revenue>12372.31</total-revenue>
  </category>
  <category name="Electronics">
    <product-count>20</product-count>
    <average-price>1005.995000</average-price>
    <total-revenue>20119.90</total-revenue>
  </category>
  <category name="Other">
    <product-count>20</product-count>
    <average-price>869.859500</average-price>
    <total-revenue>17397.19</total-revenue>
  </category>
  <category name="Drugs">
    <product-count>19</product-count>
    <average-price>810.400000</average-price>
    <total-revenue>15397.60</total-revenue>
  </category>
  <category name="Autoparts">
    <product-count>17</product-count>
    <average-price>673.751764</average-price>
    <total-revenue>11453.78</total-revenue>
  </category>
  <category name="Adult">
    <product-count>14</product-count>
    <average-price>916.806428</average-price>
    <total-revenue>12835.29</total-revenue>
  </category>
  <category name="Weapons">
    <product-count>14</product-count>
    <average-price>684.940714</average-price>
    <total-revenue>9589.17</total-revenue>
  </category>
  <category name="Business">
    <product-count>13</product-count>
    <average-price>794.497692</average-price>
    <total-revenue>10328.47</total-revenue>
  </category>
  <category name="Sports">
    <product-count>13</product-count>
    <average-price>935.193846</average-price>
    <total-revenue>12157.52</total-revenue>
  </category>
</categories>