﻿<?xml version="1.0" encoding="utf-8"?>
<products>
  <product name="Etoposide" price="1483.96" buyer=" Moreno" />
  <product name="Treatment Set TS336667" price="1466.47" buyer="Rachel Johnson" />
  <product name="Gilotrif" price="1454.77" buyer="Christine Gomez" />
  <product name="Acid Reducer" price="1443.51" buyer="Doris Cook" />
  <product name="Warfarin Sodium" price="1379.79" buyer="Benjamin Henry" />
  <product name="MEDICATED DANDRUFF" price="1351.02" buyer=" Baker" />
  <product name="Leg Cramp Relief" price="1345.69" buyer="Nicole Harris" />
  <product name="Zonisamide" price="1305.41" buyer=" Baker" />
  <product name="MEDI-FIRST Non-Aspirin" price="1301.28" buyer=" Fox" />
  <product name="Ondansetron" price="1249.76" buyer="Nicole Harris" />
  <product name="Topical 60 Sec Sodium Fluoride" price="1228.84" buyer="Jeremy Woods" />
  <product name="Pollens - Trees, Birch Mix" price="1153.54" buyer="Betty Ward" />
  <product name="smart sense nighttime cold and flu relief" price="1101.77" buyer="Anna Clark" />
  <product name="up and up temporary minor arthritis pain relief" price="1085.78" buyer="Nicole Harris" />
  <product name="Acetic Acid" price="1060.43" buyer="Patricia Fuller" />
  <product name="Ringers" price="1054.37" buyer="Nicole Martinez" />
  <product name="Aspen" price="1046.46" buyer=" Baker" />
  <product name="Acetaminophen, Chlorpheniramine Maleate, Dextromethorphan Hydrobromide, Phenylephrine Hydrochloride" price="1028.27" buyer=" Schmidt" />
</products>