﻿<?xml version="1.0" encoding="utf-8"?>
<Users count="65">
  <user first-name="Sarah" last-name="Day" age="33">
    <sold-products count="2">
      <product name="Fluoxetine" price="385.37" />
      <product name="Leflunomide" price="312.85" />
    </sold-products>
  </user>
  <user first-name="Betty" last-name="Ward" age="70">
    <sold-products count="3">
      <product name="Gemcitabine" price="594.79" />
      <product name="Pleo Ginkgo" price="613.65" />
      <product name="PANTOPRAZOLE SODIUM" price="293.89" />
    </sold-products>
  </user>
  <user first-name="Diana" last-name="Harvey" age="46">
    <sold-products count="6">
      <product name="Aspen" price="1046.46" />
      <product name="Protonix" price="466.70" />
      <product name="Treatment Set TS336667" price="1466.47" />
      <product name="Agaricus Equisetum Special Order" price="585.93" />
      <product name="Alternaria alternata" price="61.24" />
      <product name="Dawn Ultra Antibacterial Hand" price="969.86" />
    </sold-products>
  </user>
  <user first-name="Eugene" last-name="Stewart" age="65">
    <sold-products count="4">
      <product name="AIR" price="581.69" />
      <product name="Propranolol Hydrochloride" price="546.95" />
      <product name="ziprasidone hydrochloride" price="628.66" />
      <product name="Labetalol hydrochloride" price="436.38" />
    </sold-products>
  </user>
  <user last-name="Fox" age="68">
    <sold-products count="2">
      <product name="AVANDAMET" price="632.08" />
      <product name="ERYTHROMYCIN Base Filmtab" price="117.84" />
    </sold-products>
  </user>
  <user first-name="Betty" last-name="Ward" age="70">
    <sold-products count="3">
      <product name="Gemcitabine" price="594.79" />
      <product name="Pleo Ginkgo" price="613.65" />
      <product name="PANTOPRAZOLE SODIUM" price="293.89" />
    </sold-products>
  </user>
  <user last-name="Moreno" age="37">
    <sold-products count="1">
      <product name="Irbesartan and Hydrochlorothiazide" price="308.30" />
    </sold-products>
  </user>
  <user first-name="Rachel" last-name="Johnson" age="24">
    <sold-products count="1">
      <product name="Echinacea Quartz Gum Support" price="570.08" />
    </sold-products>
  </user>
  <user last-name="Mitchell" age="41">
    <sold-products count="2">
      <product name="Amitiza" price="666.58" />
      <product name="AMARANTHUS PALMERI POLLEN" price="623.16" />
    </sold-products>
  </user>
  <user first-name="Jonathan" last-name="Rodriguez">
    <sold-products count="3">
      <product name="Strattera" price="658.54" />
      <product name="Amlodipine Besylate" price="122.57" />
      <product name="MEDI-FIRST Non-Aspirin" price="1301.28" />
    </sold-products>
  </user>
  <user first-name="Marie" last-name="Williamson">
    <sold-products count="2">
      <product name="Aquafresh" price="849.93" />
      <product name="Ringers" price="1054.37" />
    </sold-products>
  </user>
  <user first-name="Christina" last-name="Patterson" age="63">
    <sold-products count="1">
      <product name="Pollens - Weeds and Garden Plants, Nettle Urtica dioica" price="782.77" />
    </sold-products>
  </user>
  <user first-name="Emily" last-name="Parker" age="41">
    <sold-products count="3">
      <product name="Perrigo Benzoyl Peroxide" price="873.24" />
      <product name="TERSI" price="554.91" />
      <product name="LANEIGE MYSTIC VEIL FOUNDATION" price="20.86" />
    </sold-products>
  </user>
  <user first-name="Eugene" last-name="Stewart" age="65">
    <sold-products count="4">
      <product name="AIR" price="581.69" />
      <product name="Propranolol Hydrochloride" price="546.95" />
      <product name="ziprasidone hydrochloride" price="628.66" />
      <product name="Labetalol hydrochloride" price="436.38" />
    </sold-products>
  </user>
  <user first-name="Patricia" last-name="Fuller" age="36">
    <sold-products count="2">
      <product name="Parsley" price="519.06" />
      <product name="Isosorbide Mononitrate" price="789.91" />
    </sold-products>
  </user>
  <user first-name="Diana" last-name="Harvey" age="46">
    <sold-products count="6">
      <product name="Aspen" price="1046.46" />
      <product name="Protonix" price="466.70" />
      <product name="Treatment Set TS336667" price="1466.47" />
      <product name="Agaricus Equisetum Special Order" price="585.93" />
      <product name="Alternaria alternata" price="61.24" />
      <product name="Dawn Ultra Antibacterial Hand" price="969.86" />
    </sold-products>
  </user>
  <user first-name="Amanda" last-name="Frazier">
    <sold-products count="3">
      <product name="Pollens - Trees, Birch Mix" price="1153.54" />
      <product name="Naproxen" price="807.22" />
      <product name="smart sense nighttime cold and flu relief" price="1101.77" />
    </sold-products>
  </user>
  <user first-name="Arthur" last-name="Reynolds" age="32">
    <sold-products count="2">
      <product name="ropinirole hydrochloride" price="103.58" />
      <product name="Stila Hydrating Primer Oil-Free SPF 30" price="179.28" />
    </sold-products>
  </user>
  <user first-name="Clarence" last-name="Fowler" age="50">
    <sold-products count="1">
      <product name="Ondansetron" price="1249.76" />
    </sold-products>
  </user>
  <user first-name="Fred" last-name="Barnes">
    <sold-products count="1">
      <product name="ANXIETY/STRESS RELIEF" price="324.66" />
    </sold-products>
  </user>
  <user first-name="Amanda" last-name="Frazier">
    <sold-products count="3">
      <product name="Pollens - Trees, Birch Mix" price="1153.54" />
      <product name="Naproxen" price="807.22" />
      <product name="smart sense nighttime cold and flu relief" price="1101.77" />
    </sold-products>
  </user>
  <user first-name="Eugene" last-name="Stewart" age="65">
    <sold-products count="4">
      <product name="AIR" price="581.69" />
      <product name="Propranolol Hydrochloride" price="546.95" />
      <product name="ziprasidone hydrochloride" price="628.66" />
      <product name="Labetalol hydrochloride" price="436.38" />
    </sold-products>
  </user>
  <user first-name="Diana" last-name="Harvey" age="46">
    <sold-products count="6">
      <product name="Aspen" price="1046.46" />
      <product name="Protonix" price="466.70" />
      <product name="Treatment Set TS336667" price="1466.47" />
      <product name="Agaricus Equisetum Special Order" price="585.93" />
      <product name="Alternaria alternata" price="61.24" />
      <product name="Dawn Ultra Antibacterial Hand" price="969.86" />
    </sold-products>
  </user>
  <user first-name="Betty" last-name="Lawson" age="38">
    <sold-products count="1">
      <product name="Prostate" price="716.05" />
    </sold-products>
  </user>
  <user last-name="Lawson" age="19">
    <sold-products count="3">
      <product name="Acid Reducer" price="1443.51" />
      <product name="CLARINS Ever Matte SPF 15 - 105 Nude" price="696.06" />
      <product name="CEDAX" price="342.86" />
    </sold-products>
  </user>
  <user first-name="Gary" last-name="Stevens">
    <sold-products count="1">
      <product name="Aspirin" price="925.45" />
    </sold-products>
  </user>
  <user first-name="Arthur" last-name="Reynolds" age="32">
    <sold-products count="2">
      <product name="ropinirole hydrochloride" price="103.58" />
      <product name="Stila Hydrating Primer Oil-Free SPF 30" price="179.28" />
    </sold-products>
  </user>
  <user first-name="Eugene" last-name="Stewart" age="65">
    <sold-products count="4">
      <product name="AIR" price="581.69" />
      <product name="Propranolol Hydrochloride" price="546.95" />
      <product name="ziprasidone hydrochloride" price="628.66" />
      <product name="Labetalol hydrochloride" price="436.38" />
    </sold-products>
  </user>
  <user first-name="Billy" last-name="Parker" age="68">
    <sold-products count="1">
      <product name="ISOPROPYL ALCOHOL" price="339.48" />
    </sold-products>
  </user>
  <user first-name="Jacqueline" last-name="Perez" age="25">
    <sold-products count="2">
      <product name="up and up temporary minor arthritis pain relief" price="1085.78" />
      <product name="Topical 60 Sec Sodium Fluoride" price="1228.84" />
    </sold-products>
  </user>
  <user last-name="Cunningham">
    <sold-products count="3">
      <product name="Allopurinol" price="518.50" />
      <product name="Myristica Argentum Sinus Relief" price="904.52" />
      <product name="NEO-POLY-BAC HYDRO" price="967.32" />
    </sold-products>
  </user>
  <user last-name="Stewart" age="39">
    <sold-products count="1">
      <product name="Zonisamide" price="1305.41" />
    </sold-products>
  </user>
  <user last-name="Bennett">
    <sold-products count="1">
      <product name="No7 Protect and Perfect Foundation Sunscreen Broad Spectrum SPF 15 Cool Ivory" price="616.19" />
    </sold-products>
  </user>
  <user first-name="Amanda" last-name="Frazier">
    <sold-products count="3">
      <product name="Pollens - Trees, Birch Mix" price="1153.54" />
      <product name="Naproxen" price="807.22" />
      <product name="smart sense nighttime cold and flu relief" price="1101.77" />
    </sold-products>
  </user>
  <user first-name="Anna" last-name="Parker" age="56">
    <sold-products count="2">
      <product name="Warfarin Sodium" price="1379.79" />
      <product name="Prednisone" price="550.72" />
    </sold-products>
  </user>
  <user first-name="Jonathan" last-name="Rodriguez">
    <sold-products count="3">
      <product name="Strattera" price="658.54" />
      <product name="Amlodipine Besylate" price="122.57" />
      <product name="MEDI-FIRST Non-Aspirin" price="1301.28" />
    </sold-products>
  </user>
  <user first-name="Jennifer" last-name="Riley">
    <sold-products count="1">
      <product name="Gilotrif" price="1454.77" />
    </sold-products>
  </user>
  <user first-name="Joshua" last-name="Murray" age="41">
    <sold-products count="3">
      <product name="Shopko Lip Treatment" price="861.42" />
      <product name="equaline" price="520.45" />
      <product name="Acetic Acid" price="1060.43" />
    </sold-products>
  </user>
  <user first-name="Emily" last-name="Parker" age="41">
    <sold-products count="3">
      <product name="Perrigo Benzoyl Peroxide" price="873.24" />
      <product name="TERSI" price="554.91" />
      <product name="LANEIGE MYSTIC VEIL FOUNDATION" price="20.86" />
    </sold-products>
  </user>
  <user first-name="Anna" last-name="Parker" age="56">
    <sold-products count="2">
      <product name="Warfarin Sodium" price="1379.79" />
      <product name="Prednisone" price="550.72" />
    </sold-products>
  </user>
  <user first-name="Diana" last-name="Harvey" age="46">
    <sold-products count="6">
      <product name="Aspen" price="1046.46" />
      <product name="Protonix" price="466.70" />
      <product name="Treatment Set TS336667" price="1466.47" />
      <product name="Agaricus Equisetum Special Order" price="585.93" />
      <product name="Alternaria alternata" price="61.24" />
      <product name="Dawn Ultra Antibacterial Hand" price="969.86" />
    </sold-products>
  </user>
  <user last-name="Lawson" age="19">
    <sold-products count="3">
      <product name="Acid Reducer" price="1443.51" />
      <product name="CLARINS Ever Matte SPF 15 - 105 Nude" price="696.06" />
      <product name="CEDAX" price="342.86" />
    </sold-products>
  </user>
  <user first-name="Anna" last-name="Clark" age="41">
    <sold-products count="1">
      <product name="Childrens Allegra Allergy" price="650.97" />
    </sold-products>
  </user>
  <user last-name="Thompson" age="46">
    <sold-products count="3">
      <product name="MEDICATED DANDRUFF" price="1351.02" />
      <product name="Leg Cramp Relief" price="1345.69" />
      <product name="Etoposide" price="1483.96" />
    </sold-products>
  </user>
  <user last-name="Cunningham">
    <sold-products count="3">
      <product name="Allopurinol" price="518.50" />
      <product name="Myristica Argentum Sinus Relief" price="904.52" />
      <product name="NEO-POLY-BAC HYDRO" price="967.32" />
    </sold-products>
  </user>
  <user last-name="Cunningham">
    <sold-products count="3">
      <product name="Allopurinol" price="518.50" />
      <product name="Myristica Argentum Sinus Relief" price="904.52" />
      <product name="NEO-POLY-BAC HYDRO" price="967.32" />
    </sold-products>
  </user>
  <user first-name="Patricia" last-name="Fuller" age="36">
    <sold-products count="2">
      <product name="Parsley" price="519.06" />
      <product name="Isosorbide Mononitrate" price="789.91" />
    </sold-products>
  </user>
  <user last-name="Fox" age="68">
    <sold-products count="2">
      <product name="AVANDAMET" price="632.08" />
      <product name="ERYTHROMYCIN Base Filmtab" price="117.84" />
    </sold-products>
  </user>
  <user first-name="Jacqueline" last-name="Perez" age="25">
    <sold-products count="2">
      <product name="up and up temporary minor arthritis pain relief" price="1085.78" />
      <product name="Topical 60 Sec Sodium Fluoride" price="1228.84" />
    </sold-products>
  </user>
  <user first-name="Joshua" last-name="Murray" age="41">
    <sold-products count="3">
      <product name="Shopko Lip Treatment" price="861.42" />
      <product name="equaline" price="520.45" />
      <product name="Acetic Acid" price="1060.43" />
    </sold-products>
  </user>
  <user last-name="Thompson" age="46">
    <sold-products count="3">
      <product name="MEDICATED DANDRUFF" price="1351.02" />
      <product name="Leg Cramp Relief" price="1345.69" />
      <product name="Etoposide" price="1483.96" />
    </sold-products>
  </user>
  <user first-name="Sarah" last-name="Day" age="33">
    <sold-products count="2">
      <product name="Fluoxetine" price="385.37" />
      <product name="Leflunomide" price="312.85" />
    </sold-products>
  </user>
  <user last-name="Lawson" age="19">
    <sold-products count="3">
      <product name="Acid Reducer" price="1443.51" />
      <product name="CLARINS Ever Matte SPF 15 - 105 Nude" price="696.06" />
      <product name="CEDAX" price="342.86" />
    </sold-products>
  </user>
  <user first-name="Joshua" last-name="Murray" age="41">
    <sold-products count="3">
      <product name="Shopko Lip Treatment" price="861.42" />
      <product name="equaline" price="520.45" />
      <product name="Acetic Acid" price="1060.43" />
    </sold-products>
  </user>
  <user first-name="Jonathan" last-name="Rodriguez">
    <sold-products count="3">
      <product name="Strattera" price="658.54" />
      <product name="Amlodipine Besylate" price="122.57" />
      <product name="MEDI-FIRST Non-Aspirin" price="1301.28" />
    </sold-products>
  </user>
  <user first-name="Diana" last-name="Harvey" age="46">
    <sold-products count="6">
      <product name="Aspen" price="1046.46" />
      <product name="Protonix" price="466.70" />
      <product name="Treatment Set TS336667" price="1466.47" />
      <product name="Agaricus Equisetum Special Order" price="585.93" />
      <product name="Alternaria alternata" price="61.24" />
      <product name="Dawn Ultra Antibacterial Hand" price="969.86" />
    </sold-products>
  </user>
  <user first-name="Marie" last-name="Williamson">
    <sold-products count="2">
      <product name="Aquafresh" price="849.93" />
      <product name="Ringers" price="1054.37" />
    </sold-products>
  </user>
  <user first-name="Jeremy" last-name="Woods" age="20">
    <sold-products count="1">
      <product name="Metformin Hydrochloride" price="953.99" />
    </sold-products>
  </user>
  <user first-name="Betty" last-name="Ward" age="70">
    <sold-products count="3">
      <product name="Gemcitabine" price="594.79" />
      <product name="Pleo Ginkgo" price="613.65" />
      <product name="PANTOPRAZOLE SODIUM" price="293.89" />
    </sold-products>
  </user>
  <user first-name="Emily" last-name="Parker" age="41">
    <sold-products count="3">
      <product name="Perrigo Benzoyl Peroxide" price="873.24" />
      <product name="TERSI" price="554.91" />
      <product name="LANEIGE MYSTIC VEIL FOUNDATION" price="20.86" />
    </sold-products>
  </user>
  <user last-name="Thompson" age="46">
    <sold-products count="3">
      <product name="MEDICATED DANDRUFF" price="1351.02" />
      <product name="Leg Cramp Relief" price="1345.69" />
      <product name="Etoposide" price="1483.96" />
    </sold-products>
  </user>
  <user first-name="Diana" last-name="Harvey" age="46">
    <sold-products count="6">
      <product name="Aspen" price="1046.46" />
      <product name="Protonix" price="466.70" />
      <product name="Treatment Set TS336667" price="1466.47" />
      <product name="Agaricus Equisetum Special Order" price="585.93" />
      <product name="Alternaria alternata" price="61.24" />
      <product name="Dawn Ultra Antibacterial Hand" price="969.86" />
    </sold-products>
  </user>
  <user first-name="Brenda" last-name="Howell" age="75">
    <sold-products count="1">
      <product name="Moore Medical Sinus Pain and Pressure Relief" price="855.39" />
    </sold-products>
  </user>
  <user last-name="Mitchell" age="41">
    <sold-products count="2">
      <product name="Amitiza" price="666.58" />
      <product name="AMARANTHUS PALMERI POLLEN" price="623.16" />
    </sold-products>
  </user>
  <user first-name="Jean" last-name="Henry">
    <sold-products count="1">
      <product name="Acetaminophen, Chlorpheniramine Maleate, Dextromethorphan Hydrobromide, Phenylephrine Hydrochloride" price="1028.27" />
    </sold-products>
  </user>
</Users>