﻿<?xml version="1.0" encoding="utf-8"?>
<users>
  <user first-name="Fred" last-name="Barnes">
    <sold-products>
      <product>
        <name>ANXIETY/STRESS RELIEF</name>
        <price>324.66</price>
      </product>
    </sold-products>
  </user>
  <user last-name="Bennett">
    <sold-products>
      <product>
        <name>No7 Protect and Perfect Foundation Sunscreen Broad Spectrum SPF 15 Cool Ivory</name>
        <price>616.19</price>
      </product>
    </sold-products>
  </user>
  <user first-name="Anna" last-name="Clark">
    <sold-products>
      <product>
        <name>Childrens Allegra Allergy</name>
        <price>650.97</price>
      </product>
    </sold-products>
  </user>
  <user last-name="Cunningham">
    <sold-products>
      <product>
        <name>Allopurinol</name>
        <price>518.50</price>
      </product>
      <product>
        <name>Myristica Argentum Sinus Relief</name>
        <price>904.52</price>
      </product>
      <product>
        <name>NEO-POLY-BAC HYDRO</name>
        <price>967.32</price>
      </product>
    </sold-products>
  </user>
  <user last-name="Cunningham">
    <sold-products>
      <product>
        <name>Allopurinol</name>
        <price>518.50</price>
      </product>
      <product>
        <name>Myristica Argentum Sinus Relief</name>
        <price>904.52</price>
      </product>
      <product>
        <name>NEO-POLY-BAC HYDRO</name>
        <price>967.32</price>
      </product>
    </sold-products>
  </user>
  <user last-name="Cunningham">
    <sold-products>
      <product>
        <name>Allopurinol</name>
        <price>518.50</price>
      </product>
      <product>
        <name>Myristica Argentum Sinus Relief</name>
        <price>904.52</price>
      </product>
      <product>
        <name>NEO-POLY-BAC HYDRO</name>
        <price>967.32</price>
      </product>
    </sold-products>
  </user>
  <user first-name="Sarah" last-name="Day">
    <sold-products>
      <product>
        <name>Fluoxetine</name>
        <price>385.37</price>
      </product>
      <product>
        <name>Leflunomide</name>
        <price>312.85</price>
      </product>
    </sold-products>
  </user>
  <user first-name="Sarah" last-name="Day">
    <sold-products>
      <product>
        <name>Fluoxetine</name>
        <price>385.37</price>
      </product>
      <product>
        <name>Leflunomide</name>
        <price>312.85</price>
      </product>
    </sold-products>
  </user>
  <user first-name="Clarence" last-name="Fowler">
    <sold-products>
      <product>
        <name>Ondansetron</name>
        <price>1249.76</price>
      </product>
    </sold-products>
  </user>
  <user last-name="Fox">
    <sold-products>
      <product>
        <name>AVANDAMET</name>
        <price>632.08</price>
      </product>
      <product>
        <name>ERYTHROMYCIN Base Filmtab</name>
        <price>117.84</price>
      </product>
    </sold-products>
  </user>
  <user last-name="Fox">
    <sold-products>
      <product>
        <name>AVANDAMET</name>
        <price>632.08</price>
      </product>
      <product>
        <name>ERYTHROMYCIN Base Filmtab</name>
        <price>117.84</price>
      </product>
    </sold-products>
  </user>
  <user first-name="Amanda" last-name="Frazier">
    <sold-products>
      <product>
        <name>Pollens - Trees, Birch Mix</name>
        <price>1153.54</price>
      </product>
      <product>
        <name>Naproxen</name>
        <price>807.22</price>
      </product>
      <product>
        <name>smart sense nighttime cold and flu relief</name>
        <price>1101.77</price>
      </product>
    </sold-products>
  </user>
  <user first-name="Amanda" last-name="Frazier">
    <sold-products>
      <product>
        <name>Pollens - Trees, Birch Mix</name>
        <price>1153.54</price>
      </product>
      <product>
        <name>Naproxen</name>
        <price>807.22</price>
      </product>
      <product>
        <name>smart sense nighttime cold and flu relief</name>
        <price>1101.77</price>
      </product>
    </sold-products>
  </user>
  <user first-name="Amanda" last-name="Frazier">
    <sold-products>
      <product>
        <name>Pollens - Trees, Birch Mix</name>
        <price>1153.54</price>
      </product>
      <product>
        <name>Naproxen</name>
        <price>807.22</price>
      </product>
      <product>
        <name>smart sense nighttime cold and flu relief</name>
        <price>1101.77</price>
      </product>
    </sold-products>
  </user>
  <user first-name="Patricia" last-name="Fuller">
    <sold-products>
      <product>
        <name>Parsley</name>
        <price>519.06</price>
      </product>
      <product>
        <name>Isosorbide Mononitrate</name>
        <price>789.91</price>
      </product>
    </sold-products>
  </user>
  <user first-name="Patricia" last-name="Fuller">
    <sold-products>
      <product>
        <name>Parsley</name>
        <price>519.06</price>
      </product>
      <product>
        <name>Isosorbide Mononitrate</name>
        <price>789.91</price>
      </product>
    </sold-products>
  </user>
  <user first-name="Diana" last-name="Harvey">
    <sold-products>
      <product>
        <name>Aspen</name>
        <price>1046.46</price>
      </product>
      <product>
        <name>Protonix</name>
        <price>466.70</price>
      </product>
      <product>
        <name>Treatment Set TS336667</name>
        <price>1466.47</price>
      </product>
      <product>
        <name>Agaricus Equisetum Special Order</name>
        <price>585.93</price>
      </product>
      <product>
        <name>Alternaria alternata</name>
        <price>61.24</price>
      </product>
      <product>
        <name>Dawn Ultra Antibacterial Hand</name>
        <price>969.86</price>
      </product>
    </sold-products>
  </user>
  <user first-name="Diana" last-name="Harvey">
    <sold-products>
      <product>
        <name>Aspen</name>
        <price>1046.46</price>
      </product>
      <product>
        <name>Protonix</name>
        <price>466.70</price>
      </product>
      <product>
        <name>Treatment Set TS336667</name>
        <price>1466.47</price>
      </product>
      <product>
        <name>Agaricus Equisetum Special Order</name>
        <price>585.93</price>
      </product>
      <product>
        <name>Alternaria alternata</name>
        <price>61.24</price>
      </product>
      <product>
        <name>Dawn Ultra Antibacterial Hand</name>
        <price>969.86</price>
      </product>
    </sold-products>
  </user>
  <user first-name="Diana" last-name="Harvey">
    <sold-products>
      <product>
        <name>Aspen</name>
        <price>1046.46</price>
      </product>
      <product>
        <name>Protonix</name>
        <price>466.70</price>
      </product>
      <product>
        <name>Treatment Set TS336667</name>
        <price>1466.47</price>
      </product>
      <product>
        <name>Agaricus Equisetum Special Order</name>
        <price>585.93</price>
      </product>
      <product>
        <name>Alternaria alternata</name>
        <price>61.24</price>
      </product>
      <product>
        <name>Dawn Ultra Antibacterial Hand</name>
        <price>969.86</price>
      </product>
    </sold-products>
  </user>
  <user first-name="Diana" last-name="Harvey">
    <sold-products>
      <product>
        <name>Aspen</name>
        <price>1046.46</price>
      </product>
      <product>
        <name>Protonix</name>
        <price>466.70</price>
      </product>
      <product>
        <name>Treatment Set TS336667</name>
        <price>1466.47</price>
      </product>
      <product>
        <name>Agaricus Equisetum Special Order</name>
        <price>585.93</price>
      </product>
      <product>
        <name>Alternaria alternata</name>
        <price>61.24</price>
      </product>
      <product>
        <name>Dawn Ultra Antibacterial Hand</name>
        <price>969.86</price>
      </product>
    </sold-products>
  </user>
  <user first-name="Diana" last-name="Harvey">
    <sold-products>
      <product>
        <name>Aspen</name>
        <price>1046.46</price>
      </product>
      <product>
        <name>Protonix</name>
        <price>466.70</price>
      </product>
      <product>
        <name>Treatment Set TS336667</name>
        <price>1466.47</price>
      </product>
      <product>
        <name>Agaricus Equisetum Special Order</name>
        <price>585.93</price>
      </product>
      <product>
        <name>Alternaria alternata</name>
        <price>61.24</price>
      </product>
      <product>
        <name>Dawn Ultra Antibacterial Hand</name>
        <price>969.86</price>
      </product>
    </sold-products>
  </user>
  <user first-name="Diana" last-name="Harvey">
    <sold-products>
      <product>
        <name>Aspen</name>
        <price>1046.46</price>
      </product>
      <product>
        <name>Protonix</name>
        <price>466.70</price>
      </product>
      <product>
        <name>Treatment Set TS336667</name>
        <price>1466.47</price>
      </product>
      <product>
        <name>Agaricus Equisetum Special Order</name>
        <price>585.93</price>
      </product>
      <product>
        <name>Alternaria alternata</name>
        <price>61.24</price>
      </product>
      <product>
        <name>Dawn Ultra Antibacterial Hand</name>
        <price>969.86</price>
      </product>
    </sold-products>
  </user>
  <user first-name="Jean" last-name="Henry">
    <sold-products>
      <product>
        <name>Acetaminophen, Chlorpheniramine Maleate, Dextromethorphan Hydrobromide, Phenylephrine Hydrochloride</name>
        <price>1028.27</price>
      </product>
    </sold-products>
  </user>
  <user first-name="Brenda" last-name="Howell">
    <sold-products>
      <product>
        <name>Moore Medical Sinus Pain and Pressure Relief</name>
        <price>855.39</price>
      </product>
    </sold-products>
  </user>
  <user first-name="Rachel" last-name="Johnson">
    <sold-products>
      <product>
        <name>Echinacea Quartz Gum Support</name>
        <price>570.08</price>
      </product>
    </sold-products>
  </user>
  <user last-name="Lawson">
    <sold-products>
      <product>
        <name>Acid Reducer</name>
        <price>1443.51</price>
      </product>
      <product>
        <name>CLARINS Ever Matte SPF 15 - 105 Nude</name>
        <price>696.06</price>
      </product>
      <product>
        <name>CEDAX</name>
        <price>342.86</price>
      </product>
    </sold-products>
  </user>
  <user last-name="Lawson">
    <sold-products>
      <product>
        <name>Acid Reducer</name>
        <price>1443.51</price>
      </product>
      <product>
        <name>CLARINS Ever Matte SPF 15 - 105 Nude</name>
        <price>696.06</price>
      </product>
      <product>
        <name>CEDAX</name>
        <price>342.86</price>
      </product>
    </sold-products>
  </user>
  <user last-name="Lawson">
    <sold-products>
      <product>
        <name>Acid Reducer</name>
        <price>1443.51</price>
      </product>
      <product>
        <name>CLARINS Ever Matte SPF 15 - 105 Nude</name>
        <price>696.06</price>
      </product>
      <product>
        <name>CEDAX</name>
        <price>342.86</price>
      </product>
    </sold-products>
  </user>
  <user first-name="Betty" last-name="Lawson">
    <sold-products>
      <product>
        <name>Prostate</name>
        <price>716.05</price>
      </product>
    </sold-products>
  </user>
  <user last-name="Mitchell">
    <sold-products>
      <product>
        <name>Amitiza</name>
        <price>666.58</price>
      </product>
      <product>
        <name>AMARANTHUS PALMERI POLLEN</name>
        <price>623.16</price>
      </product>
    </sold-products>
  </user>
  <user last-name="Mitchell">
    <sold-products>
      <product>
        <name>Amitiza</name>
        <price>666.58</price>
      </product>
      <product>
        <name>AMARANTHUS PALMERI POLLEN</name>
        <price>623.16</price>
      </product>
    </sold-products>
  </user>
  <user last-name="Moreno">
    <sold-products>
      <product>
        <name>Irbesartan and Hydrochlorothiazide</name>
        <price>308.30</price>
      </product>
    </sold-products>
  </user>
  <user first-name="Joshua" last-name="Murray">
    <sold-products>
      <product>
        <name>Shopko Lip Treatment</name>
        <price>861.42</price>
      </product>
      <product>
        <name>equaline</name>
        <price>520.45</price>
      </product>
      <product>
        <name>Acetic Acid</name>
        <price>1060.43</price>
      </product>
    </sold-products>
  </user>
  <user first-name="Joshua" last-name="Murray">
    <sold-products>
      <product>
        <name>Shopko Lip Treatment</name>
        <price>861.42</price>
      </product>
      <product>
        <name>equaline</name>
        <price>520.45</price>
      </product>
      <product>
        <name>Acetic Acid</name>
        <price>1060.43</price>
      </product>
    </sold-products>
  </user>
  <user first-name="Joshua" last-name="Murray">
    <sold-products>
      <product>
        <name>Shopko Lip Treatment</name>
        <price>861.42</price>
      </product>
      <product>
        <name>equaline</name>
        <price>520.45</price>
      </product>
      <product>
        <name>Acetic Acid</name>
        <price>1060.43</price>
      </product>
    </sold-products>
  </user>
  <user first-name="Anna" last-name="Parker">
    <sold-products>
      <product>
        <name>Warfarin Sodium</name>
        <price>1379.79</price>
      </product>
      <product>
        <name>Prednisone</name>
        <price>550.72</price>
      </product>
    </sold-products>
  </user>
  <user first-name="Anna" last-name="Parker">
    <sold-products>
      <product>
        <name>Warfarin Sodium</name>
        <price>1379.79</price>
      </product>
      <product>
        <name>Prednisone</name>
        <price>550.72</price>
      </product>
    </sold-products>
  </user>
  <user first-name="Billy" last-name="Parker">
    <sold-products>
      <product>
        <name>ISOPROPYL ALCOHOL</name>
        <price>339.48</price>
      </product>
    </sold-products>
  </user>
  <user first-name="Emily" last-name="Parker">
    <sold-products>
      <product>
        <name>Perrigo Benzoyl Peroxide</name>
        <price>873.24</price>
      </product>
      <product>
        <name>TERSI</name>
        <price>554.91</price>
      </product>
      <product>
        <name>LANEIGE MYSTIC VEIL FOUNDATION</name>
        <price>20.86</price>
      </product>
    </sold-products>
  </user>
  <user first-name="Emily" last-name="Parker">
    <sold-products>
      <product>
        <name>Perrigo Benzoyl Peroxide</name>
        <price>873.24</price>
      </product>
      <product>
        <name>TERSI</name>
        <price>554.91</price>
      </product>
      <product>
        <name>LANEIGE MYSTIC VEIL FOUNDATION</name>
        <price>20.86</price>
      </product>
    </sold-products>
  </user>
  <user first-name="Emily" last-name="Parker">
    <sold-products>
      <product>
        <name>Perrigo Benzoyl Peroxide</name>
        <price>873.24</price>
      </product>
      <product>
        <name>TERSI</name>
        <price>554.91</price>
      </product>
      <product>
        <name>LANEIGE MYSTIC VEIL FOUNDATION</name>
        <price>20.86</price>
      </product>
    </sold-products>
  </user>
  <user first-name="Christina" last-name="Patterson">
    <sold-products>
      <product>
        <name>Pollens - Weeds and Garden Plants, Nettle Urtica dioica</name>
        <price>782.77</price>
      </product>
    </sold-products>
  </user>
  <user first-name="Jacqueline" last-name="Perez">
    <sold-products>
      <product>
        <name>up and up temporary minor arthritis pain relief</name>
        <price>1085.78</price>
      </product>
      <product>
        <name>Topical 60 Sec Sodium Fluoride</name>
        <price>1228.84</price>
      </product>
    </sold-products>
  </user>
  <user first-name="Jacqueline" last-name="Perez">
    <sold-products>
      <product>
        <name>up and up temporary minor arthritis pain relief</name>
        <price>1085.78</price>
      </product>
      <product>
        <name>Topical 60 Sec Sodium Fluoride</name>
        <price>1228.84</price>
      </product>
    </sold-products>
  </user>
  <user first-name="Arthur" last-name="Reynolds">
    <sold-products>
      <product>
        <name>ropinirole hydrochloride</name>
        <price>103.58</price>
      </product>
      <product>
        <name>Stila Hydrating Primer Oil-Free SPF 30</name>
        <price>179.28</price>
      </product>
    </sold-products>
  </user>
  <user first-name="Arthur" last-name="Reynolds">
    <sold-products>
      <product>
        <name>ropinirole hydrochloride</name>
        <price>103.58</price>
      </product>
      <product>
        <name>Stila Hydrating Primer Oil-Free SPF 30</name>
        <price>179.28</price>
      </product>
    </sold-products>
  </user>
  <user first-name="Jennifer" last-name="Riley">
    <sold-products>
      <product>
        <name>Gilotrif</name>
        <price>1454.77</price>
      </product>
    </sold-products>
  </user>
  <user first-name="Jonathan" last-name="Rodriguez">
    <sold-products>
      <product>
        <name>Strattera</name>
        <price>658.54</price>
      </product>
      <product>
        <name>Amlodipine Besylate</name>
        <price>122.57</price>
      </product>
      <product>
        <name>MEDI-FIRST Non-Aspirin</name>
        <price>1301.28</price>
      </product>
    </sold-products>
  </user>
  <user first-name="Jonathan" last-name="Rodriguez">
    <sold-products>
      <product>
        <name>Strattera</name>
        <price>658.54</price>
      </product>
      <product>
        <name>Amlodipine Besylate</name>
        <price>122.57</price>
      </product>
      <product>
        <name>MEDI-FIRST Non-Aspirin</name>
        <price>1301.28</price>
      </product>
    </sold-products>
  </user>
  <user first-name="Jonathan" last-name="Rodriguez">
    <sold-products>
      <product>
        <name>Strattera</name>
        <price>658.54</price>
      </product>
      <product>
        <name>Amlodipine Besylate</name>
        <price>122.57</price>
      </product>
      <product>
        <name>MEDI-FIRST Non-Aspirin</name>
        <price>1301.28</price>
      </product>
    </sold-products>
  </user>
  <user first-name="Gary" last-name="Stevens">
    <sold-products>
      <product>
        <name>Aspirin</name>
        <price>925.45</price>
      </product>
    </sold-products>
  </user>
  <user last-name="Stewart">
    <sold-products>
      <product>
        <name>Zonisamide</name>
        <price>1305.41</price>
      </product>
    </sold-products>
  </user>
  <user first-name="Eugene" last-name="Stewart">
    <sold-products>
      <product>
        <name>AIR</name>
        <price>581.69</price>
      </product>
      <product>
        <name>Propranolol Hydrochloride</name>
        <price>546.95</price>
      </product>
      <product>
        <name>ziprasidone hydrochloride</name>
        <price>628.66</price>
      </product>
      <product>
        <name>Labetalol hydrochloride</name>
        <price>436.38</price>
      </product>
    </sold-products>
  </user>
  <user first-name="Eugene" last-name="Stewart">
    <sold-products>
      <product>
        <name>AIR</name>
        <price>581.69</price>
      </product>
      <product>
        <name>Propranolol Hydrochloride</name>
        <price>546.95</price>
      </product>
      <product>
        <name>ziprasidone hydrochloride</name>
        <price>628.66</price>
      </product>
      <product>
        <name>Labetalol hydrochloride</name>
        <price>436.38</price>
      </product>
    </sold-products>
  </user>
  <user first-name="Eugene" last-name="Stewart">
    <sold-products>
      <product>
        <name>AIR</name>
        <price>581.69</price>
      </product>
      <product>
        <name>Propranolol Hydrochloride</name>
        <price>546.95</price>
      </product>
      <product>
        <name>ziprasidone hydrochloride</name>
        <price>628.66</price>
      </product>
      <product>
        <name>Labetalol hydrochloride</name>
        <price>436.38</price>
      </product>
    </sold-products>
  </user>
  <user first-name="Eugene" last-name="Stewart">
    <sold-products>
      <product>
        <name>AIR</name>
        <price>581.69</price>
      </product>
      <product>
        <name>Propranolol Hydrochloride</name>
        <price>546.95</price>
      </product>
      <product>
        <name>ziprasidone hydrochloride</name>
        <price>628.66</price>
      </product>
      <product>
        <name>Labetalol hydrochloride</name>
        <price>436.38</price>
      </product>
    </sold-products>
  </user>
  <user last-name="Thompson">
    <sold-products>
      <product>
        <name>MEDICATED DANDRUFF</name>
        <price>1351.02</price>
      </product>
      <product>
        <name>Leg Cramp Relief</name>
        <price>1345.69</price>
      </product>
      <product>
        <name>Etoposide</name>
        <price>1483.96</price>
      </product>
    </sold-products>
  </user>
  <user last-name="Thompson">
    <sold-products>
      <product>
        <name>MEDICATED DANDRUFF</name>
        <price>1351.02</price>
      </product>
      <product>
        <name>Leg Cramp Relief</name>
        <price>1345.69</price>
      </product>
      <product>
        <name>Etoposide</name>
        <price>1483.96</price>
      </product>
    </sold-products>
  </user>
  <user last-name="Thompson">
    <sold-products>
      <product>
        <name>MEDICATED DANDRUFF</name>
        <price>1351.02</price>
      </product>
      <product>
        <name>Leg Cramp Relief</name>
        <price>1345.69</price>
      </product>
      <product>
        <name>Etoposide</name>
        <price>1483.96</price>
      </product>
    </sold-products>
  </user>
  <user first-name="Betty" last-name="Ward">
    <sold-products>
      <product>
        <name>Gemcitabine</name>
        <price>594.79</price>
      </product>
      <product>
        <name>Pleo Ginkgo</name>
        <price>613.65</price>
      </product>
      <product>
        <name>PANTOPRAZOLE SODIUM</name>
        <price>293.89</price>
      </product>
    </sold-products>
  </user>
  <user first-name="Betty" last-name="Ward">
    <sold-products>
      <product>
        <name>Gemcitabine</name>
        <price>594.79</price>
      </product>
      <product>
        <name>Pleo Ginkgo</name>
        <price>613.65</price>
      </product>
      <product>
        <name>PANTOPRAZOLE SODIUM</name>
        <price>293.89</price>
      </product>
    </sold-products>
  </user>
  <user first-name="Betty" last-name="Ward">
    <sold-products>
      <product>
        <name>Gemcitabine</name>
        <price>594.79</price>
      </product>
      <product>
        <name>Pleo Ginkgo</name>
        <price>613.65</price>
      </product>
      <product>
        <name>PANTOPRAZOLE SODIUM</name>
        <price>293.89</price>
      </product>
    </sold-products>
  </user>
  <user first-name="Marie" last-name="Williamson">
    <sold-products>
      <product>
        <name>Aquafresh</name>
        <price>849.93</price>
      </product>
      <product>
        <name>Ringers</name>
        <price>1054.37</price>
      </product>
    </sold-products>
  </user>
  <user first-name="Marie" last-name="Williamson">
    <sold-products>
      <product>
        <name>Aquafresh</name>
        <price>849.93</price>
      </product>
      <product>
        <name>Ringers</name>
        <price>1054.37</price>
      </product>
    </sold-products>
  </user>
  <user first-name="Jeremy" last-name="Woods">
    <sold-products>
      <product>
        <name>Metformin Hydrochloride</name>
        <price>953.99</price>
      </product>
    </sold-products>
  </user>
</users>