{
  "usersCount": 71,
  "users": [
    {
      "lastName": "Fox",
      "age": 68,
      "soldProducts": {
        "count": 2,
        "products": [
          {
            "name": "Care One Hemorrhoidal",
            "price": 932.18
          },
          {
            "name": "Isosorbide Mononitrate",
            "price": 789.91
          }
        ]
      }
    },
    {
      "lastName": "Cunningham",
      "soldProducts": {
        "count": 2,
        "products": [
          {
            "name": "Aspen",
            "price": 1046.46
          },
          {
            "name": "Eszopiclone",
            "price": 405.03
          }
        ]
      }
    },
    {
      "firstName": "Anna",
      "lastName": "Clark",
      "age": 41,
      "soldProducts": {
        "count": 3,
        "products": [
          {
            "name": "AIR",
            "price": 581.69
          },
          {
            "name": "Irbesartan and Hydrochlorothiazide",
            "price": 308.30
          },
          {
            "name": "Childrens Allegra Allergy",
            "price": 650.97
          }
        ]
      }
    },
    {
      "firstName": "Christine",
      "lastName": "Gomez",
      "age": 28,
      "soldProducts": {
        "count": 4,
        "products": [
          {
            "name": "Pleo Ginkgo",
            "price": 613.65
          },
          {
            "name": "Nevirapine",
            "price": 1374.72
          },
          {
            "name": "CALMING DIAPER RASH",
            "price": 700.92
          },
          {
            "name": "Prednisone",
            "price": 550.72
          }
        ]
      }
    },
    {
      "firstName": "Anna",
      "lastName": "Clark",
      "age": 41,
      "soldProducts": {
        "count": 3,
        "products": [
          {
            "name": "AIR",
            "price": 581.69
          },
          {
            "name": "Irbesartan and Hydrochlorothiazide",
            "price": 308.30
          },
          {
            "name": "Childrens Allegra Allergy",
            "price": 650.97
          }
        ]
      }
    },
    {
      "firstName": "Jean",
      "lastName": "Henry",
      "soldProducts": {
        "count": 1,
        "products": [
          {
            "name": "IOPE SUPER VITAL",
            "price": 824.68
          }
        ]
      }
    },
    {
      "lastName": "Thompson",
      "age": 46,
      "soldProducts": {
        "count": 3,
        "products": [
          {
            "name": "Prednisone",
            "price": 1285.99
          },
          {
            "name": "ESIKA",
            "price": 879.37
          },
          {
            "name": "Phenylephrine HCl",
            "price": 459.89
          }
        ]
      }
    },
    {
      "firstName": "Patricia",
      "lastName": "Fuller",
      "age": 36,
      "soldProducts": {
        "count": 2,
        "products": [
          {
            "name": "Americaine",
            "price": 1165.75
          },
          {
            "name": "Parsley",
            "price": 519.06
          }
        ]
      }
    },
    {
      "firstName": "Jacqueline",
      "lastName": "Perez",
      "age": 25,
      "soldProducts": {
        "count": 2,
        "products": [
          {
            "name": "Echinacea Quartz Gum Support",
            "price": 570.08
          },
          {
            "name": "smart sense nighttime cold and flu relief",
            "price": 1101.77
          }
        ]
      }
    },
    {
      "firstName": "Emily",
      "lastName": "Parker",
      "age": 41,
      "soldProducts": {
        "count": 3,
        "products": [
          {
            "name": "GEMCITABINE",
            "price": 1468.11
          },
          {
            "name": "Allopurinol",
            "price": 336.81
          },
          {
            "name": "No7 Protect and Perfect Foundation Sunscreen Broad Spectrum SPF 15 Cool Ivory",
            "price": 616.19
          }
        ]
      }
    },
    {
      "firstName": "Amanda",
      "lastName": "Frazier",
      "soldProducts": {
        "count": 2,
        "products": [
          {
            "name": "MOIST MOISTURE SKIN TONER",
            "price": 152.43
          },
          {
            "name": "Enalapril Maleate",
            "price": 72.71
          }
        ]
      }
    },
    {
      "firstName": "Betty",
      "lastName": "Lawson",
      "age": 38,
      "soldProducts": {
        "count": 1,
        "products": [
          {
            "name": "Nighttime Sleep Aid",
            "price": 1217.11
          }
        ]
      }
    },
    {
      "firstName": "Sarah",
      "lastName": "Day",
      "age": 33,
      "soldProducts": {
        "count": 3,
        "products": [
          {
            "name": "ENBREL",
            "price": 673.97
          },
          {
            "name": "Aspirin",
            "price": 925.45
          },
          {
            "name": "ESIKA 3-IN-1 PRO MAKE UP FOUNDATION SPF 20 BASE DE MAQUILLAJE PARA ROSTRO 3-EN-1 PRO FPS 20",
            "price": 1097.60
          }
        ]
      }
    },
    {
      "firstName": "Fred",
      "lastName": "Barnes",
      "soldProducts": {
        "count": 3,
        "products": [
          {
            "name": "Allopurinol",
            "price": 48.80
          },
          {
            "name": "CLARINS Ever Matte SPF 15 - 105 Nude",
            "price": 696.06
          },
          {
            "name": "PRIMAXIN",
            "price": 686.66
          }
        ]
      }
    },
    {
      "firstName": "Jonathan",
      "lastName": "Rodriguez",
      "soldProducts": {
        "count": 2,
        "products": [
          {
            "name": "Archangelica Eucalyptus",
            "price": 1334.91
          },
          {
            "name": "Treatment Set TS336667",
            "price": 1466.47
          }
        ]
      }
    },
    {
      "firstName": "Emily",
      "lastName": "Parker",
      "age": 41,
      "soldProducts": {
        "count": 3,
        "products": [
          {
            "name": "GEMCITABINE",
            "price": 1468.11
          },
          {
            "name": "Allopurinol",
            "price": 336.81
          },
          {
            "name": "No7 Protect and Perfect Foundation Sunscreen Broad Spectrum SPF 15 Cool Ivory",
            "price": 616.19
          }
        ]
      }
    },
    {
      "firstName": "Patricia",
      "lastName": "Fuller",
      "age": 36,
      "soldProducts": {
        "count": 2,
        "products": [
          {
            "name": "Americaine",
            "price": 1165.75
          },
          {
            "name": "Parsley",
            "price": 519.06
          }
        ]
      }
    },
    {
      "firstName": "Arthur",
      "lastName": "Reynolds",
      "age": 32,
      "soldProducts": {
        "count": 2,
        "products": [
          {
            "name": "Protonix",
            "price": 466.70
          },
          {
            "name": "leader pain reliever",
            "price": 1179.79
          }
        ]
      }
    },
    {
      "firstName": "Joshua",
      "lastName": "Murray",
      "age": 41,
      "soldProducts": {
        "count": 6,
        "products": [
          {
            "name": "Pollens - Trees, Birch Mix",
            "price": 1153.54
          },
          {
            "name": "Alcohol Free Antiseptic",
            "price": 1486.07
          },
          {
            "name": "Amlodipine Besylate",
            "price": 122.57
          },
          {
            "name": "Glipizide and Metformin Hydrochloride",
            "price": 953.60
          },
          {
            "name": "ERYTHROMYCIN Base Filmtab",
            "price": 117.84
          },
          {
            "name": "Alternaria alternata",
            "price": 61.24
          }
        ]
      }
    },
    {
      "firstName": "Betty",
      "lastName": "Ward",
      "age": 70,
      "soldProducts": {
        "count": 3,
        "products": [
          {
            "name": "IOPE RETIGEN MOISTURE TWIN CAKE NO.21",
            "price": 1257.71
          },
          {
            "name": "Pioglitazone",
            "price": 306.56
          },
          {
            "name": "Glipizide",
            "price": 621.78
          }
        ]
      }
    },
    {
      "firstName": "Betty",
      "lastName": "Ward",
      "age": 70,
      "soldProducts": {
        "count": 3,
        "products": [
          {
            "name": "IOPE RETIGEN MOISTURE TWIN CAKE NO.21",
            "price": 1257.71
          },
          {
            "name": "Pioglitazone",
            "price": 306.56
          },
          {
            "name": "Glipizide",
            "price": 621.78
          }
        ]
      }
    },
    {
      "firstName": "Christine",
      "lastName": "Gomez",
      "age": 28,
      "soldProducts": {
        "count": 4,
        "products": [
          {
            "name": "Pleo Ginkgo",
            "price": 613.65
          },
          {
            "name": "Nevirapine",
            "price": 1374.72
          },
          {
            "name": "CALMING DIAPER RASH",
            "price": 700.92
          },
          {
            "name": "Prednisone",
            "price": 550.72
          }
        ]
      }
    },
    {
      "lastName": "Thompson",
      "age": 46,
      "soldProducts": {
        "count": 3,
        "products": [
          {
            "name": "Prednisone",
            "price": 1285.99
          },
          {
            "name": "ESIKA",
            "price": 879.37
          },
          {
            "name": "Phenylephrine HCl",
            "price": 459.89
          }
        ]
      }
    },
    {
      "firstName": "Paula",
      "lastName": "Hill",
      "age": 74,
      "soldProducts": {
        "count": 1,
        "products": [
          {
            "name": "ANXIETY/STRESS RELIEF",
            "price": 324.66
          }
        ]
      }
    },
    {
      "firstName": "Anna",
      "lastName": "Parker",
      "age": 56,
      "soldProducts": {
        "count": 1,
        "products": [
          {
            "name": "TYLENOL COLD MULTI-SYMPTOM DAYTIME",
            "price": 1010.81
          }
        ]
      }
    },
    {
      "firstName": "Jennifer",
      "lastName": "Riley",
      "soldProducts": {
        "count": 3,
        "products": [
          {
            "name": "Naproxen",
            "price": 807.22
          },
          {
            "name": "Carbon Dioxide Oxygen Mixture",
            "price": 95.49
          },
          {
            "name": "Gilotrif",
            "price": 1454.77
          }
        ]
      }
    },
    {
      "firstName": "Marie",
      "lastName": "Williamson",
      "soldProducts": {
        "count": 4,
        "products": [
          {
            "name": "Dover Aminophen",
            "price": 192.07
          },
          {
            "name": "Foaming Hand Sanitizer",
            "price": 624.72
          },
          {
            "name": "Zonisamide",
            "price": 1305.41
          },
          {
            "name": "DIVALPROEX SODIUM",
            "price": 1287.03
          }
        ]
      }
    },
    {
      "firstName": "Jonathan",
      "lastName": "Rodriguez",
      "soldProducts": {
        "count": 2,
        "products": [
          {
            "name": "Archangelica Eucalyptus",
            "price": 1334.91
          },
          {
            "name": "Treatment Set TS336667",
            "price": 1466.47
          }
        ]
      }
    },
    {
      "firstName": "Arthur",
      "lastName": "Reynolds",
      "age": 32,
      "soldProducts": {
        "count": 2,
        "products": [
          {
            "name": "Protonix",
            "price": 466.70
          },
          {
            "name": "leader pain reliever",
            "price": 1179.79
          }
        ]
      }
    },
    {
      "firstName": "Carl",
      "lastName": "Daniels",
      "age": 59,
      "soldProducts": {
        "count": 1,
        "products": [
          {
            "name": "allergy eye",
            "price": 426.91
          }
        ]
      }
    },
    {
      "firstName": "Chris",
      "lastName": "Mitchell",
      "age": 59,
      "soldProducts": {
        "count": 2,
        "products": [
          {
            "name": "Triamterene and Hydrochlorothiazide",
            "price": 1416.59
          },
          {
            "name": "Almond",
            "price": 367.32
          }
        ]
      }
    },
    {
      "firstName": "Diana",
      "lastName": "Harvey",
      "age": 46,
      "soldProducts": {
        "count": 2,
        "products": [
          {
            "name": "Baza Antifungal",
            "price": 1162.34
          },
          {
            "name": "Finasteride",
            "price": 1374.01
          }
        ]
      }
    },
    {
      "firstName": "Sarah",
      "lastName": "Day",
      "age": 33,
      "soldProducts": {
        "count": 3,
        "products": [
          {
            "name": "ENBREL",
            "price": 673.97
          },
          {
            "name": "Aspirin",
            "price": 925.45
          },
          {
            "name": "ESIKA 3-IN-1 PRO MAKE UP FOUNDATION SPF 20 BASE DE MAQUILLAJE PARA ROSTRO 3-EN-1 PRO FPS 20",
            "price": 1097.60
          }
        ]
      }
    },
    {
      "firstName": "Christine",
      "lastName": "Gomez",
      "age": 28,
      "soldProducts": {
        "count": 4,
        "products": [
          {
            "name": "Pleo Ginkgo",
            "price": 613.65
          },
          {
            "name": "Nevirapine",
            "price": 1374.72
          },
          {
            "name": "CALMING DIAPER RASH",
            "price": 700.92
          },
          {
            "name": "Prednisone",
            "price": 550.72
          }
        ]
      }
    },
    {
      "firstName": "Marie",
      "lastName": "Williamson",
      "soldProducts": {
        "count": 4,
        "products": [
          {
            "name": "Dover Aminophen",
            "price": 192.07
          },
          {
            "name": "Foaming Hand Sanitizer",
            "price": 624.72
          },
          {
            "name": "Zonisamide",
            "price": 1305.41
          },
          {
            "name": "DIVALPROEX SODIUM",
            "price": 1287.03
          }
        ]
      }
    },
    {
      "firstName": "Brenda",
      "lastName": "Howell",
      "age": 75,
      "soldProducts": {
        "count": 1,
        "products": [
          {
            "name": "ISOPROPYL ALCOHOL",
            "price": 339.48
          }
        ]
      }
    },
    {
      "firstName": "Thomas",
      "lastName": "Snyder",
      "age": 40,
      "soldProducts": {
        "count": 3,
        "products": [
          {
            "name": "RESCRIPTOR",
            "price": 850.52
          },
          {
            "name": "DAYWEAR PLUS MULTI PROTECTION TINTED MOISTURIZER",
            "price": 555.12
          },
          {
            "name": "LBEL Couleur Luxe Rouge Amplifier XP amplifying SPF 15",
            "price": 1069.43
          }
        ]
      }
    },
    {
      "firstName": "Jeremy",
      "lastName": "Woods",
      "age": 20,
      "soldProducts": {
        "count": 2,
        "products": [
          {
            "name": "Ranitidine",
            "price": 926.64
          },
          {
            "name": "Warfarin Sodium",
            "price": 1379.79
          }
        ]
      }
    },
    {
      "firstName": "Jennifer",
      "lastName": "Riley",
      "soldProducts": {
        "count": 3,
        "products": [
          {
            "name": "Naproxen",
            "price": 807.22
          },
          {
            "name": "Carbon Dioxide Oxygen Mixture",
            "price": 95.49
          },
          {
            "name": "Gilotrif",
            "price": 1454.77
          }
        ]
      }
    },
    {
      "firstName": "Thomas",
      "lastName": "Snyder",
      "age": 40,
      "soldProducts": {
        "count": 3,
        "products": [
          {
            "name": "RESCRIPTOR",
            "price": 850.52
          },
          {
            "name": "DAYWEAR PLUS MULTI PROTECTION TINTED MOISTURIZER",
            "price": 555.12
          },
          {
            "name": "LBEL Couleur Luxe Rouge Amplifier XP amplifying SPF 15",
            "price": 1069.43
          }
        ]
      }
    },
    {
      "firstName": "Marie",
      "lastName": "Williamson",
      "soldProducts": {
        "count": 4,
        "products": [
          {
            "name": "Dover Aminophen",
            "price": 192.07
          },
          {
            "name": "Foaming Hand Sanitizer",
            "price": 624.72
          },
          {
            "name": "Zonisamide",
            "price": 1305.41
          },
          {
            "name": "DIVALPROEX SODIUM",
            "price": 1287.03
          }
        ]
      }
    },
    {
      "firstName": "Emily",
      "lastName": "Parker",
      "age": 41,
      "soldProducts": {
        "count": 3,
        "products": [
          {
            "name": "GEMCITABINE",
            "price": 1468.11
          },
          {
            "name": "Allopurinol",
            "price": 336.81
          },
          {
            "name": "No7 Protect and Perfect Foundation Sunscreen Broad Spectrum SPF 15 Cool Ivory",
            "price": 616.19
          }
        ]
      }
    },
    {
      "firstName": "Joshua",
      "lastName": "Murray",
      "age": 41,
      "soldProducts": {
        "count": 6,
        "products": [
          {
            "name": "Pollens - Trees, Birch Mix",
            "price": 1153.54
          },
          {
            "name": "Alcohol Free Antiseptic",
            "price": 1486.07
          },
          {
            "name": "Amlodipine Besylate",
            "price": 122.57
          },
          {
            "name": "Glipizide and Metformin Hydrochloride",
            "price": 953.60
          },
          {
            "name": "ERYTHROMYCIN Base Filmtab",
            "price": 117.84
          },
          {
            "name": "Alternaria alternata",
            "price": 61.24
          }
        ]
      }
    },
    {
      "firstName": "Jacqueline",
      "lastName": "Perez",
      "age": 25,
      "soldProducts": {
        "count": 2,
        "products": [
          {
            "name": "Echinacea Quartz Gum Support",
            "price": 570.08
          },
          {
            "name": "smart sense nighttime cold and flu relief",
            "price": 1101.77
          }
        ]
      }
    },
    {
      "firstName": "Jeremy",
      "lastName": "Woods",
      "age": 20,
      "soldProducts": {
        "count": 2,
        "products": [
          {
            "name": "Ranitidine",
            "price": 926.64
          },
          {
            "name": "Warfarin Sodium",
            "price": 1379.79
          }
        ]
      }
    },
    {
      "firstName": "Clarence",
      "lastName": "Fowler",
      "age": 50,
      "soldProducts": {
        "count": 1,
        "products": [
          {
            "name": "Oxygen",
            "price": 1242.92
          }
        ]
      }
    },
    {
      "firstName": "Joshua",
      "lastName": "Murray",
      "age": 41,
      "soldProducts": {
        "count": 6,
        "products": [
          {
            "name": "Pollens - Trees, Birch Mix",
            "price": 1153.54
          },
          {
            "name": "Alcohol Free Antiseptic",
            "price": 1486.07
          },
          {
            "name": "Amlodipine Besylate",
            "price": 122.57
          },
          {
            "name": "Glipizide and Metformin Hydrochloride",
            "price": 953.60
          },
          {
            "name": "ERYTHROMYCIN Base Filmtab",
            "price": 117.84
          },
          {
            "name": "Alternaria alternata",
            "price": 61.24
          }
        ]
      }
    },
    {
      "firstName": "Eugene",
      "lastName": "Stewart",
      "age": 65,
      "soldProducts": {
        "count": 1,
        "products": [
          {
            "name": "Warfarin Sodium",
            "price": 770.05
          }
        ]
      }
    },
    {
      "firstName": "Jennifer",
      "lastName": "Riley",
      "soldProducts": {
        "count": 3,
        "products": [
          {
            "name": "Naproxen",
            "price": 807.22
          },
          {
            "name": "Carbon Dioxide Oxygen Mixture",
            "price": 95.49
          },
          {
            "name": "Gilotrif",
            "price": 1454.77
          }
        ]
      }
    },
    {
      "lastName": "Peterson",
      "age": 72,
      "soldProducts": {
        "count": 1,
        "products": [
          {
            "name": "Shopko Lip Treatment",
            "price": 861.42
          }
        ]
      }
    },
    {
      "lastName": "Cunningham",
      "soldProducts": {
        "count": 2,
        "products": [
          {
            "name": "Aspen",
            "price": 1046.46
          },
          {
            "name": "Eszopiclone",
            "price": 405.03
          }
        ]
      }
    },
    {
      "firstName": "Joshua",
      "lastName": "Murray",
      "age": 41,
      "soldProducts": {
        "count": 6,
        "products": [
          {
            "name": "Pollens - Trees, Birch Mix",
            "price": 1153.54
          },
          {
            "name": "Alcohol Free Antiseptic",
            "price": 1486.07
          },
          {
            "name": "Amlodipine Besylate",
            "price": 122.57
          },
          {
            "name": "Glipizide and Metformin Hydrochloride",
            "price": 953.60
          },
          {
            "name": "ERYTHROMYCIN Base Filmtab",
            "price": 117.84
          },
          {
            "name": "Alternaria alternata",
            "price": 61.24
          }
        ]
      }
    },
    {
      "firstName": "Christine",
      "lastName": "Gomez",
      "age": 28,
      "soldProducts": {
        "count": 4,
        "products": [
          {
            "name": "Pleo Ginkgo",
            "price": 613.65
          },
          {
            "name": "Nevirapine",
            "price": 1374.72
          },
          {
            "name": "CALMING DIAPER RASH",
            "price": 700.92
          },
          {
            "name": "Prednisone",
            "price": 550.72
          }
        ]
      }
    },
    {
      "firstName": "Fred",
      "lastName": "Barnes",
      "soldProducts": {
        "count": 3,
        "products": [
          {
            "name": "Allopurinol",
            "price": 48.80
          },
          {
            "name": "CLARINS Ever Matte SPF 15 - 105 Nude",
            "price": 696.06
          },
          {
            "name": "PRIMAXIN",
            "price": 686.66
          }
        ]
      }
    },
    {
      "firstName": "Anna",
      "lastName": "Clark",
      "age": 41,
      "soldProducts": {
        "count": 3,
        "products": [
          {
            "name": "AIR",
            "price": 581.69
          },
          {
            "name": "Irbesartan and Hydrochlorothiazide",
            "price": 308.30
          },
          {
            "name": "Childrens Allegra Allergy",
            "price": 650.97
          }
        ]
      }
    },
    {
      "lastName": "Thompson",
      "age": 46,
      "soldProducts": {
        "count": 3,
        "products": [
          {
            "name": "Prednisone",
            "price": 1285.99
          },
          {
            "name": "ESIKA",
            "price": 879.37
          },
          {
            "name": "Phenylephrine HCl",
            "price": 459.89
          }
        ]
      }
    },
    {
      "firstName": "Diana",
      "lastName": "Harvey",
      "age": 46,
      "soldProducts": {
        "count": 2,
        "products": [
          {
            "name": "Baza Antifungal",
            "price": 1162.34
          },
          {
            "name": "Finasteride",
            "price": 1374.01
          }
        ]
      }
    },
    {
      "firstName": "Amanda",
      "lastName": "Frazier",
      "soldProducts": {
        "count": 2,
        "products": [
          {
            "name": "MOIST MOISTURE SKIN TONER",
            "price": 152.43
          },
          {
            "name": "Enalapril Maleate",
            "price": 72.71
          }
        ]
      }
    },
    {
      "lastName": "Fox",
      "age": 68,
      "soldProducts": {
        "count": 2,
        "products": [
          {
            "name": "Care One Hemorrhoidal",
            "price": 932.18
          },
          {
            "name": "Isosorbide Mononitrate",
            "price": 789.91
          }
        ]
      }
    },
    {
      "firstName": "Joshua",
      "lastName": "Murray",
      "age": 41,
      "soldProducts": {
        "count": 6,
        "products": [
          {
            "name": "Pollens - Trees, Birch Mix",
            "price": 1153.54
          },
          {
            "name": "Alcohol Free Antiseptic",
            "price": 1486.07
          },
          {
            "name": "Amlodipine Besylate",
            "price": 122.57
          },
          {
            "name": "Glipizide and Metformin Hydrochloride",
            "price": 953.60
          },
          {
            "name": "ERYTHROMYCIN Base Filmtab",
            "price": 117.84
          },
          {
            "name": "Alternaria alternata",
            "price": 61.24
          }
        ]
      }
    },
    {
      "firstName": "Billy",
      "lastName": "Parker",
      "age": 68,
      "soldProducts": {
        "count": 1,
        "products": [
          {
            "name": "Topical 60 Sec Sodium Fluoride",
            "price": 1228.84
          }
        ]
      }
    },
    {
      "firstName": "Kathy",
      "lastName": "Gilbert",
      "age": 51,
      "soldProducts": {
        "count": 1,
        "products": [
          {
            "name": "TRAMADOL HYDROCHLORIDE",
            "price": 516.48
          }
        ]
      }
    },
    {
      "firstName": "Fred",
      "lastName": "Allen",
      "age": 57,
      "soldProducts": {
        "count": 1,
        "products": [
          {
            "name": "Leg Cramp Relief",
            "price": 1345.69
          }
        ]
      }
    },
    {
      "firstName": "Fred",
      "lastName": "Barnes",
      "soldProducts": {
        "count": 3,
        "products": [
          {
            "name": "Allopurinol",
            "price": 48.80
          },
          {
            "name": "CLARINS Ever Matte SPF 15 - 105 Nude",
            "price": 696.06
          },
          {
            "name": "PRIMAXIN",
            "price": 686.66
          }
        ]
      }
    },
    {
      "firstName": "Marie",
      "lastName": "Williamson",
      "soldProducts": {
        "count": 4,
        "products": [
          {
            "name": "Dover Aminophen",
            "price": 192.07
          },
          {
            "name": "Foaming Hand Sanitizer",
            "price": 624.72
          },
          {
            "name": "Zonisamide",
            "price": 1305.41
          },
          {
            "name": "DIVALPROEX SODIUM",
            "price": 1287.03
          }
        ]
      }
    },
    {
      "firstName": "Joshua",
      "lastName": "Murray",
      "age": 41,
      "soldProducts": {
        "count": 6,
        "products": [
          {
            "name": "Pollens - Trees, Birch Mix",
            "price": 1153.54
          },
          {
            "name": "Alcohol Free Antiseptic",
            "price": 1486.07
          },
          {
            "name": "Amlodipine Besylate",
            "price": 122.57
          },
          {
            "name": "Glipizide and Metformin Hydrochloride",
            "price": 953.60
          },
          {
            "name": "ERYTHROMYCIN Base Filmtab",
            "price": 117.84
          },
          {
            "name": "Alternaria alternata",
            "price": 61.24
          }
        ]
      }
    },
    {
      "firstName": "Thomas",
      "lastName": "Snyder",
      "age": 40,
      "soldProducts": {
        "count": 3,
        "products": [
          {
            "name": "RESCRIPTOR",
            "price": 850.52
          },
          {
            "name": "DAYWEAR PLUS MULTI PROTECTION TINTED MOISTURIZER",
            "price": 555.12
          },
          {
            "name": "LBEL Couleur Luxe Rouge Amplifier XP amplifying SPF 15",
            "price": 1069.43
          }
        ]
      }
    },
    {
      "firstName": "Chris",
      "lastName": "Mitchell",
      "age": 59,
      "soldProducts": {
        "count": 2,
        "products": [
          {
            "name": "Triamterene and Hydrochlorothiazide",
            "price": 1416.59
          },
          {
            "name": "Almond",
            "price": 367.32
          }
        ]
      }
    },
    {
      "firstName": "Sarah",
      "lastName": "Day",
      "age": 33,
      "soldProducts": {
        "count": 3,
        "products": [
          {
            "name": "ENBREL",
            "price": 673.97
          },
          {
            "name": "Aspirin",
            "price": 925.45
          },
          {
            "name": "ESIKA 3-IN-1 PRO MAKE UP FOUNDATION SPF 20 BASE DE MAQUILLAJE PARA ROSTRO 3-EN-1 PRO FPS 20",
            "price": 1097.60
          }
        ]
      }
    },
    {
      "firstName": "Betty",
      "lastName": "Ward",
      "age": 70,
      "soldProducts": {
        "count": 3,
        "products": [
          {
            "name": "IOPE RETIGEN MOISTURE TWIN CAKE NO.21",
            "price": 1257.71
          },
          {
            "name": "Pioglitazone",
            "price": 306.56
          },
          {
            "name": "Glipizide",
            "price": 621.78
          }
        ]
      }
    },
    {
      "lastName": "Stewart",
      "age": 39,
      "soldProducts": {
        "count": 1,
        "products": [
          {
            "name": "XANTHIUM STRUMARIUM VAR CANADENSE POLLEN",
            "price": 1091.38
          }
        ]
      }
    }
  ]
}